species,model,unres,occ,ratio
Abies magnifica,mean,29274.3712212301,21021.0605267176,0.718070436692177
Abies magnifica,meansup,26010.7791348808,19984.5681984228,0.768318707209474
Abies magnifica,meanthr,22499.1105965419,19989.3802457426,0.888452019468489
Abies magnifica,meanw,34709.2941975243,20787.0515632173,0.598890068029673
Abies magnifica,median,26175.6075083015,20340.1022615028,0.777063235497095
Adenostoma sparsifolium,mean,70129.2424097904,5475.57763664274,0.0780783799808783
Adenostoma sparsifolium,meansup,101109.148529307,5793.42069353061,0.0572986794746011
Adenostoma sparsifolium,meanthr,53376.009371381,4869.34342786536,0.0912271914894445
Adenostoma sparsifolium,meanw,77068.3698664932,5612.77504249844,0.0728285164487266
Adenostoma sparsifolium,median,45518.7643591186,4773.69888630174,0.10487320896147
Aesculus californica,mean,101041.50407025,63937.5646480657,0.632785163249474
Aesculus californica,meansup,100877.206352049,73388.5559941366,0.727503849958133
Aesculus californica,meanthr,84677.3449430277,54494.97761401,0.643560301172352
Aesculus californica,meanw,142867.341934399,73221.2353963215,0.51251205772375
Aesculus californica,median,95525.0843491905,69562.1008420715,0.728207688231798
Arctostaphylos glandulosa,mean,163641.047815513,36888.5911016498,0.225423826075947
Arctostaphylos glandulosa,meansup,173910.654559401,22515.3436181294,0.129465004172238
Arctostaphylos glandulosa,meanthr,129195.694424109,34860.3659241856,0.269826065640777
Arctostaphylos glandulosa,meanw,211583.335886955,36841.789379147,0.174124248607324
Arctostaphylos glandulosa,median,111770.109477715,34464.5914048821,0.308352488567203
Arctostaphylos glauca,mean,118410.250110612,71620.7860049999,0.604852923949539
Arctostaphylos glauca,meansup,146959.843670772,38879.3176254782,0.264557423676756
Arctostaphylos glauca,meanthr,73923.8901104274,58500.3835331561,0.791359646330412
Arctostaphylos glauca,meanw,122744.520882364,67704.0844682713,0.551585390382986
Arctostaphylos glauca,median,85011.0327210397,67602.4587905155,0.795219827670489
Arctostaphylos pringlei,mean,166336.826513626,3052.69333471029,0.0183524803177618
Arctostaphylos pringlei,meansup,157024.575753136,3528.00157269101,0.0224678306295029
Arctostaphylos pringlei,meanthr,122556.724156893,2663.69964495775,0.0217344226788223
Arctostaphylos pringlei,meanw,149390.404719324,3199.95137275545,0.0214200595999961
Arctostaphylos pringlei,median,112496.243442137,3063.33746148373,0.027230575597481
Arctostaphylos rudis,mean,48385.9820915011,869.337574696156,0.0179667237724385
Arctostaphylos rudis,meansup,32682.5797248725,643.929376308981,0.0197025259856991
Arctostaphylos rudis,meanthr,16179.2418967445,683.149750950209,0.042223841840678
Arctostaphylos rudis,meanw,37435.4438447612,903.309211287666,0.0241297849982371
Arctostaphylos rudis,median,8896.87433560851,805.112243856868,0.0904938311463518
Artemisia californica,mean,89529.0489920142,21874.6829615482,0.244330563184016
Artemisia californica,meansup,101340.615725483,22202.078756922,0.219083716809695
Artemisia californica,meanthr,71142.2718955432,18572.5228988257,0.261061706408467
Artemisia californica,meanw,118135.626364335,21745.0662622932,0.184068658469128
Artemisia californica,median,94613.1059169607,27219.0035588194,0.28768745402681
Artemisia rothrockii,mean,102715.782815498,330.382336904299,0.00321647100229713
Artemisia rothrockii,meansup,12443.6087973945,2138.81096071829,0.171880279711632
Artemisia rothrockii,meanthr,54240.2298099543,164.462126204894,0.00303210599920267
Artemisia rothrockii,meanw,117948.018928899,348.898949994228,0.0029580738461114
Artemisia rothrockii,median,60920.8800470197,2691.97614852366,0.0441880705998658
Asclepias eriocarpa,mean,174388.6699602,30216.1739049582,0.17326913446759
Asclepias eriocarpa,meansup,151767.558172886,15835.2676597434,0.104338949973121
Asclepias eriocarpa,meanthr,101317.067623316,19418.0650308094,0.191656405838781
Asclepias eriocarpa,meanw,180346.646050314,35079.8487763868,0.194513452535181
Asclepias eriocarpa,median,131491.717497878,75723.3117128058,0.575878946246388
Asclepias fascicularis,mean,161238.87802849,102508.036627277,0.635752604338791
Asclepias fascicularis,meansup,154536.155908345,77625.5567107371,0.502313237018635
Asclepias fascicularis,meanthr,125242.939431674,98233.1752330547,0.784341022965573
Asclepias fascicularis,meanw,183122.083396911,102763.33313369,0.561173896820264
Asclepias fascicularis,median,146564.459481221,110317.160518208,0.752686980927619
Calocedrus decurrens,mean,91993.628989677,68935.274776779,0.749348357422822
Calocedrus decurrens,meansup,98327.9682557451,66904.5578027689,0.680422457512334
Calocedrus decurrens,meanthr,79397.0126199405,65687.8655381232,0.827334220401458
Calocedrus decurrens,meanw,111040.144288795,67751.4495974406,0.610152751794266
Calocedrus decurrens,median,94631.0780295213,72862.8400245115,0.769967346264206
Calochortus albus,mean,80112.5279713934,37379.9445917296,0.466592997852686
Calochortus albus,meansup,79000.6521908103,32274.5301528671,0.408534983672216
Calochortus albus,meanthr,65178.0929367101,32323.8868922948,0.495931768419219
Calochortus albus,meanw,98964.9086887869,37098.4028661647,0.374864215586025
Calochortus albus,median,63725.1007536248,33878.4083729082,0.531633657259947
Ceanothus greggii,mean,62377.5800355958,7385.85544987951,0.118405610568168
Ceanothus greggii,meansup,40997.3850021656,6154.13540264399,0.150110437588127
Ceanothus greggii,meanthr,43917.1566020948,5704.92663368412,0.129902003569421
Ceanothus greggii,meanw,53492.736079102,8446.69672005747,0.157903620924661
Ceanothus greggii,median,23635.9854138038,10182.5248849905,0.430806023388548
Ceanothus megacarpus,mean,21091.8451986796,2818.18192949847,0.13361476451927
Ceanothus megacarpus,meansup,7397.18430995069,1535.06393205049,0.207520032992219
Ceanothus megacarpus,meanthr,12212.9035548937,3555.12892032098,0.291096126677954
Ceanothus megacarpus,meanw,42809.4281354223,2615.08224175832,0.0610865960060442
Ceanothus megacarpus,median,11388.829796733,2588.98444240696,0.227326642738101
Ceanothus oliganthus,mean,102662.84999109,29117.0539108178,0.283618211586226
Ceanothus oliganthus,meansup,84458.3275560357,20602.4582725636,0.243936375118184
Ceanothus oliganthus,meanthr,81276.830395314,22042.8293212257,0.271206802898364
Ceanothus oliganthus,meanw,141887.592223518,28075.3839050069,0.1978706063373
Ceanothus oliganthus,median,65983.2044692475,19910.1279072083,0.301745392139719
Ceanothus tomentosus,mean,134114.314338251,6967.18209247844,0.051949578438782
Ceanothus tomentosus,meansup,90262.8284060417,5962.98491668012,0.0660624647153311
Ceanothus tomentosus,meanthr,73942.0386109245,5820.39332226851,0.0787156187685713
Ceanothus tomentosus,meanw,115330.088418793,6727.77891547051,0.0583349844581774
Ceanothus tomentosus,median,62207.6117655617,7277.2968745243,0.116984026037679
Ceanothus verrucosus,mean,221204.000895057,1749.81136271576,0.00791039653729363
Ceanothus verrucosus,meansup,148531.442958464,2391.25532391802,0.0160993206306272
Ceanothus verrucosus,meanthr,67921.5145768936,1600.22126932182,0.0235598584526589
Ceanothus verrucosus,meanw,191294.708484378,1445.81998116663,0.00755807618842057
Ceanothus verrucosus,median,130868.716447531,1238.63901167553,0.00946474486262832
Chamaebatia foliolosa,mean,109693.449742869,17344.9356042934,0.15812189009418
Chamaebatia foliolosa,meansup,95330.8354892911,15279.8262597279,0.160282097406398
Chamaebatia foliolosa,meanthr,72746.5622764459,16729.2231253311,0.229965823838631
Chamaebatia foliolosa,meanw,166475.948979917,17334.6568128851,0.104127094148454
Chamaebatia foliolosa,median,85596.2406730725,20502.6670461516,0.23952765781455
Croton setiger,mean,163258.020178783,114868.981506252,0.703603911038857
Croton setiger,meansup,146694.329901209,93810.4892304827,0.639496354723862
Croton setiger,meanthr,122694.372210127,105532.816299642,0.860127603235997
Croton setiger,meanw,195611.088639511,117379.446941892,0.600065404053902
Croton setiger,median,130406.107958437,121273.622721358,0.929968884279644
Delphinium hesperium,mean,142214.624208785,26580.8651769381,0.186906693491063
Delphinium hesperium,meansup,131768.881949048,74964.5743021406,0.568909542171933
Delphinium hesperium,meanthr,74850.1565111472,10929.7460421757,0.146021685880482
Delphinium hesperium,meanw,132870.217562768,28950.6954857784,0.217887018000119
Delphinium hesperium,median,81083.8830230536,56339.9321411805,0.69483515145867
Dichelostemma capitatum,mean,169419.532709481,154359.252754152,0.911106590164226
Dichelostemma capitatum,meansup,170218.884899392,144446.971641685,0.848595452420339
Dichelostemma capitatum,meanthr,159133.988403446,149549.089769067,0.939768375502043
Dichelostemma capitatum,meanw,179867.20963978,153356.366600447,0.852608804615214
Dichelostemma capitatum,median,166273.67428776,157928.949440659,0.949813313004327
Encelia californica,mean,50446.7269314973,10859.1887135052,0.215260520831235
Encelia californica,meansup,38173.2516386173,11654.4540601977,0.305304200190473
Encelia californica,meanthr,30493.8843114276,9193.71246225386,0.301493649295722
Encelia californica,meanw,56031.537217879,10889.4422633253,0.194344877974374
Encelia californica,median,38343.5508677743,12250.8557537367,0.319502379839131
Ericameria ericoides,mean,73688.8695619517,16742.2444038891,0.227201808134857
Ericameria ericoides,meansup,28191.6265659787,14209.1164823642,0.504019037323359
Ericameria ericoides,meanthr,38529.9996621044,12835.6775919876,0.333134640657989
Ericameria ericoides,meanw,50068.60629749,16200.1592662257,0.323559221320643
Ericameria ericoides,median,19347.1665406934,7035.44701588934,0.36364224193199
Erigeron petrophilus,mean,125308.440580723,70.0568177626169,0.000559075010733112
Erigeron petrophilus,meansup,88759.755416572,9317.69170603458,0.104976536520457
Erigeron petrophilus,meanthr,27703.042837041,13.8509889673573,0.000499980780047654
Erigeron petrophilus,meanw,190917.327327402,70.4942174163394,0.000369239494409272
Erigeron petrophilus,median,115139.976379886,70.0568177626169,0.000608449123973032
Eriodictyon trichocalyx,mean,110870.387059997,16705.0066453181,0.150671492075502
Eriodictyon trichocalyx,meansup,101175.182116981,13609.0061291373,0.1345093316798
Eriodictyon trichocalyx,meanthr,43454.9891443933,15267.0475660422,0.351330143365413
Eriodictyon trichocalyx,meanw,151845.101507259,16230.863824479,0.106890928079778
Eriodictyon trichocalyx,median,39877.1115638631,18805.9136929751,0.471596686807606
Eriogonum fasciculatum,mean,82008.7077293674,74927.7791849948,0.913656381859595
Eriogonum fasciculatum,meansup,86849.1977166545,58130.5736441508,0.669327698729029
Eriogonum fasciculatum,meanthr,73318.9417599632,53241.2969177119,0.726160193255613
Eriogonum fasciculatum,meanw,105845.785600546,74096.2079192843,0.700039283556531
Eriogonum fasciculatum,median,81512.6176993263,74694.2021783557,0.916351410205945
Frangula californica,mean,125917.506025371,83509.2079399139,0.663205701700348
Frangula californica,meansup,88038.7926524399,55402.4582524889,0.629295979457681
Frangula californica,meanthr,86057.0654452264,70704.8236609903,0.821603935658166
Frangula californica,meanw,128641.854274981,82124.254092725,0.638394514410362
Frangula californica,median,92271.5663366725,79014.8393864493,0.8563292303736
Galium angustifolium,mean,125246.512273889,21998.2525168911,0.175639641515807
Galium angustifolium,meansup,120905.249773912,17463.5068700205,0.144439607896899
Galium angustifolium,meanthr,100001.004098806,17937.9372670239,0.179377571542185
Galium angustifolium,meanw,187679.10097997,23839.8573947648,0.127024571570753
Galium angustifolium,median,106621.416558392,19509.8072370449,0.182982067456965
Hesperoyucca whipplei,mean,93510.6993470654,36965.6830646827,0.395309663202115
Hesperoyucca whipplei,meansup,100209.788281661,29726.1241674563,0.296638927964848
Hesperoyucca whipplei,meanthr,58098.8313663751,27067.6737657304,0.465890158702846
Hesperoyucca whipplei,meanw,153877.171663993,38367.5534438204,0.249338826733832
Hesperoyucca whipplei,median,79574.9002310225,42344.7666241125,0.532137225446427
Heteromeles arbutifolia,mean,80227.6284223003,65672.9978504205,0.818583312780138
Heteromeles arbutifolia,meansup,102249.325933921,78812.4796524357,0.77078727837647
Heteromeles arbutifolia,meanthr,59343.8932715965,48897.3984490018,0.82396681028687
Heteromeles arbutifolia,meanw,132944.25785104,66155.0123838561,0.497614665373367
Heteromeles arbutifolia,median,73593.2911005704,63397.935220199,0.861463514840793
Juglans californica,mean,65753.3947443748,16022.7070837744,0.24367878108902
Juglans californica,meansup,62496.2909524111,9772.10172980585,0.156362906996305
Juglans californica,meanthr,34454.7647801028,12733.3052299866,0.369565873145649
Juglans californica,meanw,105956.836827267,15038.261800203,0.141928187462964
Juglans californica,median,41459.1457120285,18740.0594772563,0.452012677912446
Juncus balticus,mean,185288.432054039,50269.5874632622,0.271304511058744
Juncus balticus,meansup,146800.773469776,23331.656080108,0.158934149518712
Juncus balticus,meanthr,107531.632173673,42409.5774437439,0.394391646313419
Juncus balticus,meanw,188110.319698709,49045.3050199875,0.26072628603546
Juncus balticus,median,131052.390179862,86116.4348865481,0.65711456897778
Keckiella antirrhinoides,mean,165297.854881917,11752.115708831,0.0710966014484962
Keckiella antirrhinoides,meansup,84230.4187098304,14910.3577076922,0.177018682040008
Keckiella antirrhinoides,meanthr,49081.5893727306,10598.0369469978,0.215926930697277
Keckiella antirrhinoides,meanw,97458.801172601,11759.5513889392,0.120661769357422
Keckiella antirrhinoides,median,50948.1209179601,11227.8930448246,0.220378943178385
Lepechinia calycina,mean,142564.763730877,28103.3966014777,0.19712722741595
Lepechinia calycina,meansup,99969.3169744461,13939.6593365484,0.13943937758534
Lepechinia calycina,meanthr,65769.9532038273,25043.2747297972,0.380770754879295
Lepechinia calycina,meanw,177396.427640835,28564.634565265,0.161021475714822
Lepechinia calycina,median,68741.6516511345,44243.08578889,0.643613947675053
Lonicera subspicata,mean,171265.240685838,26082.1099054147,0.152290738044497
Lonicera subspicata,meansup,121389.776784104,4183.50713934022,0.0344634222928075
Lonicera subspicata,meanthr,47217.4821823506,12681.6808126588,0.268580200097986
Lonicera subspicata,meanw,258756.163162684,20636.6917473242,0.0797534307785729
Lonicera subspicata,median,108455.299653918,37045.7904092197,0.341576580650582
Lupinus arboreus,mean,87018.6984184072,7652.98529262071,0.0879464463582676
Lupinus arboreus,meansup,90231.0352315221,6169.97600060123,0.0683797540920351
Lupinus arboreus,meanthr,35473.4239887182,3535.07847170867,0.0996542784489298
Lupinus arboreus,meanw,99719.1958640037,7389.52457511079,0.0741033309693809
Lupinus arboreus,median,33376.0891064192,6953.72514691839,0.208344516481441
Malosma laurina,mean,42765.8853941098,12052.3466973327,0.281821516993371
Malosma laurina,meansup,54783.0151087576,12638.2464705914,0.230696438403425
Malosma laurina,meanthr,22914.7511751075,8902.84701985923,0.388520344463983
Malosma laurina,meanw,82184.6698306688,11923.750496483,0.145084850021913
Malosma laurina,median,37195.6624757156,12945.0120726371,0.348024775229872
Opuntia littoralis,mean,53461.7111269686,11423.4169826532,0.21367473546672
Opuntia littoralis,meansup,59939.3264232505,12839.4347694508,0.214207191432007
Opuntia littoralis,meanthr,49057.6689661524,10132.0656510892,0.206533776769538
Opuntia littoralis,meanw,57119.1858437348,12407.2803188497,0.217217387390522
Opuntia littoralis,median,52164.308569033,10880.1661733301,0.208574913993761
Picea breweriana,mean,65914.3967454572,1962.69805250962,0.0297764699279431
Picea breweriana,meansup,55531.0781270688,3362.60519847409,0.0605535730961251
Picea breweriana,meanthr,57240.6548526142,1765.28354800084,0.0308396812116523
Picea breweriana,meanw,67494.2887540736,2167.40252491524,0.0321123840983424
Picea breweriana,median,46887.7515888327,2863.67447245797,0.061075107579695
Pickeringia montana,mean,52423.0463087592,32640.8399654678,0.62264294549426
Pickeringia montana,meansup,70367.6477422558,18239.4342990039,0.259201989610506
Pickeringia montana,meanthr,29320.0986931336,22607.4662418423,0.771056962613047
Pickeringia montana,meanw,126307.657572906,32290.70081328,0.255651172967416
Pickeringia montana,median,32079.3641225278,24055.4791763194,0.749873940282577
Pinus attenuata,mean,87139.9261968396,29091.5555975311,0.333848751854763
Pinus attenuata,meansup,73451.3392434986,14884.0013945648,0.202637576766611
Pinus attenuata,meanthr,50797.4821469437,20414.3428976891,0.401877062304699
Pinus attenuata,meanw,136033.347905402,27740.2092409448,0.203922124009148
Pinus attenuata,median,53208.4978323807,35427.3632298818,0.665821526130776
Pinus balfouriana,mean,25919.2617912745,3908.02865715338,0.150777004708868
Pinus balfouriana,meansup,18162.2579218046,3884.84662486325,0.213896677471986
Pinus balfouriana,meanthr,19329.5265017238,3996.60197448788,0.206761504175049
Pinus balfouriana,meanw,24727.4901356237,3934.71004051294,0.159122904060707
Pinus balfouriana,median,11082.8547649673,4153.4836007399,0.374766582150746
Pinus coulteri,mean,161048.991734335,19742.8251910813,0.122588940039121
Pinus coulteri,meansup,136571.87483084,19414.267244976,0.142154211978292
Pinus coulteri,meanthr,129770.290451903,16878.5799116579,0.130065054589006
Pinus coulteri,meanw,170940.495786937,19950.8100797019,0.116712017172157
Pinus coulteri,median,139401.916286902,16345.6793884886,0.117255772545104
Pinus jeffreyi,mean,60691.8956082773,51680.4187904016,0.851520920090578
Pinus jeffreyi,meansup,51592.2056365548,46519.0900042765,0.901668952321669
Pinus jeffreyi,meanthr,49601.3807568541,46081.3980462716,0.929034582165416
Pinus jeffreyi,meanw,85221.9759610449,52605.8144623245,0.61727991951713
Pinus jeffreyi,median,59208.0172456667,52917.6819266795,0.8937587237065
Pinus lambertiana,mean,82427.2054072393,56826.6520145564,0.689416215602592
Pinus lambertiana,meansup,86545.4764839625,49336.4575620144,0.570063965979282
Pinus lambertiana,meanthr,66551.9721770588,49412.1216930085,0.742459165019927
Pinus lambertiana,meanw,108459.649521452,57601.4361830278,0.531086320462753
Pinus lambertiana,median,72931.4611356054,63413.697148571,0.869497143772596
Pinus muricata,mean,169909.682827282,15473.5533127503,0.0910692849004942
Pinus muricata,meansup,151369.359745873,7758.18183766967,0.051253317386653
Pinus muricata,meanthr,101738.68142878,10052.920442739,0.0988111925725741
Pinus muricata,meanw,150387.184117031,14676.9734875236,0.0975945761182817
Pinus muricata,median,111945.768952477,29992.6723947481,0.267921446923828
Pinus quadrifolia,mean,194627.574753354,1327.21471568277,0.00681925321920448
Pinus quadrifolia,meansup,91318.6281484824,2296.34549599544,0.0251465176662709
Pinus quadrifolia,meanthr,67586.2246418518,1523.38834762502,0.0225399237151897
Pinus quadrifolia,meanw,150315.880991759,1657.45116092026,0.0110264540911092
Pinus quadrifolia,median,45070.6319906833,394.096660240394,0.00874397901324879
Pinus sabiniana,mean,127491.93118344,82825.6475327867,0.649654035074691
Pinus sabiniana,meansup,117945.24433832,93574.9826280061,0.793376478661496
Pinus sabiniana,meanthr,107994.233574491,77084.7088478871,0.713785415169566
Pinus sabiniana,meanw,144479.242879905,83928.4069487147,0.580902870722255
Pinus sabiniana,median,118286.842198155,89682.9862878951,0.758182267962291
Pinus torreyana,mean,45083.397971618,976.564715355156,0.0216612934981065
Pinus torreyana,meansup,46130.534826585,2685.8473199276,0.0582227656805694
Pinus torreyana,meanthr,33902.1236943284,852.343656545084,0.0251413057255666
Pinus torreyana,meanw,14907.1268856489,656.170690600179,0.0440172472961155
Pinus torreyana,median,35228.1030187749,2006.05504359985,0.0569447364943473
Platanus racemosa,mean,98758.5649463154,82646.6978776578,0.836856002540985
Platanus racemosa,meansup,87950.2606355146,55592.916846193,0.632094964181884
Platanus racemosa,meanthr,81538.2593084085,63084.335572251,0.773677732481904
Platanus racemosa,meanw,138600.06346691,86218.0719068736,0.622063726020281
Platanus racemosa,median,91591.1753259383,77429.6743719838,0.84538356557213
Poa stebbinsii,mean,108356.845149038,3772.21292418915,0.0348128714803455
Poa stebbinsii,meansup,9530.37888854264,2614.85137480579,0.274370138415939
Poa stebbinsii,meanthr,7361.67014070761,3585.15133629159,0.487002442077224
Poa stebbinsii,meanw,18964.2471286329,3524.71704409359,0.185861163914693
Poa stebbinsii,median,5916.42169041874,3718.1207971487,0.628440802853852
Prunus ilicifolia,mean,121037.158134854,34956.7741342703,0.288810268457585
Prunus ilicifolia,meansup,118898.571418728,28727.1583463818,0.241610626634131
Prunus ilicifolia,meanthr,76186.5521864524,25741.3879594311,0.337873118295652
Prunus ilicifolia,meanw,163238.358985848,37207.055137792,0.227930832979139
Prunus ilicifolia,median,76573.0678925642,35747.6784457504,0.466844014868337
Pseudotsuga macrocarpa,mean,77969.585165437,10568.1480956858,0.135541930526656
Pseudotsuga macrocarpa,meansup,39995.9767226016,7296.38664925756,0.182428015194198
Pseudotsuga macrocarpa,meanthr,40583.3921904804,8941.30835307722,0.220319393487629
Pseudotsuga macrocarpa,meanw,76671.3106158758,10567.7105428649,0.137831353839891
Pseudotsuga macrocarpa,median,47423.5275493897,9926.48083034962,0.209315530566797
Ptilagrostis kingii,mean,5301.58292710392,2731.78304151552,0.515276867131419
Ptilagrostis kingii,meansup,7258.36632779785,3574.43554150663,0.492457307895494
Ptilagrostis kingii,meanthr,7638.17495109576,3044.52458198279,0.398593198175702
Ptilagrostis kingii,meanw,15476.6141630191,3393.64322737436,0.219275559345749
Ptilagrostis kingii,median,4100.04444583635,2731.78304151552,0.666281323923131
Quercus agrifolia,mean,106513.756596683,62811.9080294158,0.589707001577781
Quercus agrifolia,meansup,126458.478589346,58420.4820576437,0.461973627306991
Quercus agrifolia,meanthr,98877.6278686935,48464.9695057718,0.490151013433816
Quercus agrifolia,meanw,155855.770292923,62484.4412034654,0.40091195267284
Quercus agrifolia,median,104828.092692653,70752.6141484114,0.674939439715385
Quercus chrysolepis,mean,103898.90024702,84932.0576917101,0.817449053741512
Quercus chrysolepis,meansup,103859.266467995,84151.6886049989,0.810247284299191
Quercus chrysolepis,meanthr,85418.8071907915,80285.482962126,0.939904051607749
Quercus chrysolepis,meanw,152137.336438947,84538.1794555262,0.555670169034748
Quercus chrysolepis,median,99177.3066966802,93508.5323299945,0.942842021471475
Quercus douglasii,mean,133821.774597543,106144.552510324,0.793178485560695
Quercus douglasii,meansup,144660.796053441,98489.9746927851,0.680833905105849
Quercus douglasii,meanthr,116523.986709353,97768.6320670499,0.839042971563573
Quercus douglasii,meanw,141074.378559477,107102.750288003,0.759193493401416
Quercus douglasii,median,125185.162274779,115702.549709524,0.924251305882076
Quercus engelmannii,mean,231683.361527448,16766.3002803142,0.072367304107541
Quercus engelmannii,meansup,186723.218126885,22009.782466817,0.117873838548887
Quercus engelmannii,meanthr,196925.850851195,10403.6410695938,0.0528302456210038
Quercus engelmannii,meanw,229759.090114698,12992.6136755416,0.05654885588664
Quercus engelmannii,median,213609.753589574,18070.39930471,0.0845953848129528
Quercus kelloggii,mean,98186.1257661086,89029.8192039695,0.906745413461464
Quercus kelloggii,meansup,114087.604584926,91240.5216181244,0.799740882894998
Quercus kelloggii,meanthr,83473.946023134,76031.2241096779,0.910837785104906
Quercus kelloggii,meanw,118256.093242535,94236.5620837466,0.796885466954111
Quercus kelloggii,median,92757.6942418439,84375.6576810931,0.909635134537771
Quercus lobata,mean,122638.127935493,92557.1656251278,0.754717698184473
Quercus lobata,meansup,116158.835287315,91359.6173672964,0.786505969531473
Quercus lobata,meanthr,97348.1477381898,78850.4171674962,0.809983743908083
Quercus lobata,meanw,136103.497942556,92320.9693360433,0.678314449897595
Quercus lobata,median,109355.806552487,91456.29726812,0.836318620394652
Quercus sadleriana,mean,12075.5519366467,2588.475698957,0.214356719472303
Quercus sadleriana,meansup,6136.14997681499,1737.21583214726,0.283111696863865
Quercus sadleriana,meanthr,3107.74403488082,2014.82153560992,0.648322871187552
Quercus sadleriana,meanw,35832.0110737226,2601.96222796201,0.0726155789193246
Quercus sadleriana,median,5107.24866174145,3072.09706723435,0.601517034063276
Quercus wislizeni,mean,101309.624896649,85871.5083397174,0.847614512711097
Quercus wislizeni,meansup,95876.5955403508,84925.6250540714,0.885780565897643
Quercus wislizeni,meanthr,83274.5201959938,76644.5549205684,0.920384227254372
Quercus wislizeni,meanw,108711.533166608,85451.3126643801,0.78603723243807
Quercus wislizeni,median,89169.5083100526,79831.5240995086,0.895278280798916
Rhododendron occidentale,mean,88847.8728680093,18799.3851075593,0.211590716814203
Rhododendron occidentale,meansup,55064.8770359546,8551.04345593105,0.155290339617896
Rhododendron occidentale,meanthr,52113.4556964956,10432.1514746784,0.200181533449526
Rhododendron occidentale,meanw,117550.893976912,16933.5846249472,0.144053218585246
Rhododendron occidentale,median,60281.7587886729,45038.7233291358,0.747136849258597
Rhus integrifolia,mean,9790.82710009613,5140.16913348341,0.524998458346072
Rhus integrifolia,meansup,32780.3113203304,7378.56066072099,0.225091232008672
Rhus integrifolia,meanthr,13911.1381674702,5957.37702355886,0.428245119259154
Rhus integrifolia,meanw,20329.2710207171,6152.5300896941,0.302643911010099
Rhus integrifolia,median,11556.9762198479,5442.99543653851,0.470970549129514
Rhus ovata,mean,72444.4825315906,15878.5185911942,0.219181889859868
Rhus ovata,meansup,105880.515482743,14125.1236098959,0.133406260306677
Rhus ovata,meanthr,55028.5716099104,14476.4321424277,0.263071195906175
Rhus ovata,meanw,150057.843571435,15341.900408064,0.10223990991021
Rhus ovata,median,64594.3679706237,16030.9544744139,0.24817882701019
Ribes lasianthum,mean,74294.7728697401,1371.03136196827,0.0184539410918191
Ribes lasianthum,meansup,43714.2909323291,2525.25831528705,0.0577673401862156
Ribes lasianthum,meanthr,28426.9340485689,1381.3836129834,0.0485941822154733
Ribes lasianthum,meanw,119119.750324277,1286.32197590924,0.0107985617196772
Ribes lasianthum,median,61787.4623012005,395.55568109234,0.00640187614704246
Ribes malvaceum,mean,99381.0757525115,12884.6009757941,0.129648435360879
Ribes malvaceum,meansup,91639.9779106993,8106.7956184637,0.0884635265447528
Ribes malvaceum,meanthr,50461.5275871927,10499.084649412,0.20806117355981
Ribes malvaceum,meanw,119220.458805358,12630.1796204139,0.105939699838216
Ribes malvaceum,median,63481.9076222472,36241.5885284448,0.570896337017823
Rosa californica,mean,153783.525432969,86483.417905127,0.56237114906579
Rosa californica,meansup,126743.129133546,40057.9785022846,0.316056410916576
Rosa californica,meanthr,92823.4760116925,69682.4448295924,0.75069850670982
Rosa californica,meanw,191724.519878772,84056.9409741991,0.43842561727289
Rosa californica,median,106400.143886278,85210.5013950862,0.80084949402099
Salix lasiolepis,mean,140102.440735435,100961.295836349,0.720624817857388
Salix lasiolepis,meansup,148020.257054678,64403.8178930762,0.43510137851798
Salix lasiolepis,meanthr,99980.5008773057,80435.1161605926,0.804508033614486
Salix lasiolepis,meanw,171568.522712936,100633.318734172,0.586548844408652
Salix lasiolepis,median,117834.164951664,98106.1605634697,0.832578230632119
Salvia apiana,mean,125305.470724271,25707.7775048496,0.205160854959146
Salvia apiana,meansup,105250.014951279,24355.4748332663,0.231405903785768
Salvia apiana,meanthr,95900.8922124046,23374.0943595975,0.243731771627607
Salvia apiana,meanw,138924.290875416,27592.0333673087,0.198612015173449
Salvia apiana,median,104575.704230598,23926.0218214347,0.228791400425818
Salvia columbariae,mean,109976.937356714,77332.1601497769,0.703167064008588
Salvia columbariae,meansup,71957.9607563526,37031.0256863812,0.514620276855358
Salvia columbariae,meanthr,66540.6813343957,52813.5290316414,0.793702859251329
Salvia columbariae,meanw,136107.94653387,76270.7348071153,0.560369447555625
Salvia columbariae,median,72868.1818427949,59771.2501614047,0.820265425180425
Salvia leucophylla,mean,102460.845836971,8180.57205050708,0.0798409576232022
Salvia leucophylla,meansup,104043.231386908,11006.0417548589,0.105783351863904
Salvia leucophylla,meanthr,43651.531809566,6029.50389020585,0.138128116935509
Salvia leucophylla,meanw,258756.163162684,8872.9782994035,0.0342908867984138
Salvia leucophylla,median,91654.894409814,8559.28952444381,0.0933860606087537
Salvia mellifera,mean,39994.307035027,13806.9077281972,0.345221826599099
Salvia mellifera,meansup,35352.9764203109,14218.0655643905,0.40217449855854
Salvia mellifera,meanthr,23038.1761435384,10384.3903322529,0.450747067283166
Salvia mellifera,meanw,114580.551617735,13686.183672427,0.119445957269319
Salvia mellifera,median,44782.023111303,17559.5193749231,0.392110899752786
Sambucus nigra,mean,165520.086010527,111012.580741473,0.670689481966631
Sambucus nigra,meansup,135069.649993532,53498.4420251303,0.396080407609645
Sambucus nigra,meanthr,114475.542616441,85373.2391476019,0.745777108335282
Sambucus nigra,meanw,213829.427901572,106225.083695803,0.496774858064436
Sambucus nigra,median,128284.910774071,116212.239356716,0.90589172690297
Scutellaria californica,mean,141934.847173924,222.052705816272,0.00156446926345138
Scutellaria californica,meansup,133929.985728537,78.0755819134638,0.000582958188853355
Scutellaria californica,meanthr,68660.4735994896,73.8473808235698,0.00107554429720856
Scutellaria californica,meanw,159946.346689208,221.177909529179,0.00138282564189447
Scutellaria californica,median,80008.4344754583,39147.9757327724,0.489298109498451
Sequoia sempervirens,mean,74762.2735844732,31662.1335722558,0.423504155962847
Sequoia sempervirens,meansup,69124.3281229562,24020.5429222812,0.347497669410315
Sequoia sempervirens,meanthr,58157.5465202777,29077.6142715858,0.499980071570719
Sequoia sempervirens,meanw,86782.8367020299,31623.7153726393,0.364400572445215
Sequoia sempervirens,median,62758.6299849363,31701.9384701891,0.505140703004485
Sequoiadendron giganteum,mean,29746.7301945473,3439.56782687514,0.11562843392803
Sequoiadendron giganteum,meansup,18135.5687260701,2918.4059247774,0.160921665532449
Sequoiadendron giganteum,meanthr,16923.4686687242,4418.68710913751,0.26109819420788
Sequoiadendron giganteum,meanw,37519.1133615575,3480.24603999608,0.0927592826210543
Sequoiadendron giganteum,median,13443.9382135861,3370.53181748398,0.250710153820687
Torreya californica,mean,79672.1600097692,23247.9777826111,0.291795500206854
Torreya californica,meansup,51129.9738917208,41922.4007825915,0.819918290421419
Torreya californica,meanthr,48319.3977509488,21937.8943378037,0.454018372722225
Torreya californica,meanw,134205.355160837,23365.3465408344,0.174101447090785
Torreya californica,median,52689.0202727907,29912.3397449665,0.567714859568448
Trichostema lanatum,mean,184164.117576309,17425.0613318033,0.094617027253331
Trichostema lanatum,meansup,164621.174610554,6092.71016360436,0.0370104889484475
Trichostema lanatum,meanthr,114845.099149517,12893.2244793317,0.112266214011849
Trichostema lanatum,meanw,200186.089723266,16125.6892759729,0.080553495491444
Trichostema lanatum,median,114480.482471305,30535.3502785234,0.266729748332229
Umbellularia californica,mean,99965.4407654599,93358.5756687282,0.933908508319062
Umbellularia californica,meansup,102624.462791779,90960.3029086879,0.88634133065566
Umbellularia californica,meanthr,81423.5930042626,75701.0857344839,0.929719298072744
Umbellularia californica,meanw,116991.330547396,94294.5401988865,0.805995963612755
Umbellularia californica,median,88401.3678162314,82315.8141698649,0.931159960567385
Xylococcus bicolor,mean,212867.14407136,8202.83434436376,0.0385349950559486
Xylococcus bicolor,meansup,69900.0231011134,4464.67115544649,0.0638722414867897
Xylococcus bicolor,meanthr,81094.8272995745,8147.06610314204,0.100463449697547
Xylococcus bicolor,meanw,119504.016503103,8105.58590572871,0.0678268910360701
Xylococcus bicolor,median,62753.4367673367,7245.58594077383,0.115461181315653
